,model,dice_id_flat,iou_id_flat
0,unetpp0D,0.7675537407398224,0.6547890052199363
1,unetpp0,0.7500955629348754,0.636710861697793
2,unet1s,0.7409963691234589,0.6238398349285126
3,swinunetr,0.719929381608963,0.609802910182625
4,lg2unetr,0.675002760887146,0.5616920050978661
