name,S,M,L
lg2unetr-fs24,0.5373846292495728,0.8167546391487122,0.8210763335227966
unet1s,0.6268064975738525,0.8192048668861389,0.8289322257041931
swinunetr-fs24,0.5803171992301941,0.8146578073501587,0.8453477621078491
unetpp0,0.6247670650482178,0.8052228689193726,0.8348256349563599
unetpp0D,0.6289942264556885,0.8243575096130371,0.8556838035583496
