overlap_main_lobe,count,mean,std
Frontal,9,0.16845255299001965,0.20945773274417348
Cingulate,2,0.07933771884940725,0.07480342482885277
Other,34,0.06407560215267996,0.10082614804784433
Parietal,2,0.0227679808769717,0.030513025672417034
Temporal,2,0.01737699962039025,0.015224375986602905
Occipital,1,0.0005664734846834,
