centroid_lobe,count,mean,std
Cingulate,3,0.1918855655720301,0.20198720154692953
Frontal,13,0.12215963937495913,0.18646349435812756
Other,28,0.05895152611348035,0.08552988732150286
Temporal,3,0.024566049090960565,0.016460197719397163
Parietal,2,0.0227679808769717,0.030513025672417034
Occipital,1,0.0005664734846834,
