vol_group,count,mean,std
Large,17,0.19057731117021498,0.16124181281862557
Medium,16,0.039427236476052924,0.053571731343623835
Small,17,0.0037367793393538766,0.0072760026382610275
